epoch,time,train/box_loss,train/cls_loss,train/dfl_loss,metrics/precision(B),metrics/recall(B),metrics/mAP50(B),metrics/mAP50-95(B),val/box_loss,val/cls_loss,val/dfl_loss,lr/pg0,lr/pg1,lr/pg2
1,34.4001,0.53334,1.92581,0.93977,0.97185,1,0.995,0.8647,0.5974,1.40756,0.83738,0.00065812,0.00065812,0.00065812
2,74.1753,0.54006,1.13925,0.90773,1,0.99779,0.995,0.90012,0.5028,0.8169,0.79487,0.00119363,0.00119363,0.00119363
3,113.377,0.5724,0.86506,0.92379,0.99533,1,0.995,0.84339,0.58652,0.81237,0.84401,0.00159715,0.00159715,0.00159715
4,159.229,0.53055,0.74225,0.89944,0.99723,1,0.995,0.86181,0.52429,0.7463,0.79707,0.001406,0.001406,0.001406
5,192.393,0.49224,0.68284,0.88579,0.99617,1,0.995,0.89173,0.48416,0.77487,0.78925,0.001208,0.001208,0.001208
6,225.377,0.42989,0.63123,0.87108,0.99532,1,0.995,0.9223,0.38332,0.64369,0.74659,0.00101,0.00101,0.00101
7,257.815,0.41672,0.59393,0.83989,0.99739,1,0.995,0.94094,0.34262,0.57858,0.73613,0.000812,0.000812,0.000812
8,290.571,0.33193,0.54107,0.84941,0.99813,1,0.995,0.96448,0.28051,0.51373,0.72809,0.000614,0.000614,0.000614
9,322.863,0.34342,0.52043,0.84231,0.99819,1,0.995,0.94276,0.31097,0.49171,0.73501,0.000416,0.000416,0.000416
10,355.61,0.32044,0.50612,0.84343,0.99815,1,0.995,0.958,0.27568,0.48339,0.72842,0.000218,0.000218,0.000218
